{
  "hash": "ff403add",
  "configHash": "d75e4794",
  "lockfileHash": "cf9f1290",
  "browserHash": "6a1f9d6e",
  "optimized": {
    "@angular/common": {
      "src": "../../../../../../node_modules/@angular/common/fesm2022/common.mjs",
      "file": "@angular_common.js",
      "fileHash": "d0b84ea2",
      "needsInterop": false
    },
    "@angular/core": {
      "src": "../../../../../../node_modules/@angular/core/fesm2022/core.mjs",
      "file": "@angular_core.js",
      "fileHash": "a597e484",
      "needsInterop": false
    },
    "@angular/platform-browser": {
      "src": "../../../../../../node_modules/@angular/platform-browser/fesm2022/platform-browser.mjs",
      "file": "@angular_platform-browser.js",
      "fileHash": "327d7767",
      "needsInterop": false
    },
    "@angular/router": {
      "src": "../../../../../../node_modules/@angular/router/fesm2022/router.mjs",
      "file": "@angular_router.js",
      "fileHash": "d50a10b2",
      "needsInterop": false
    },
    "flowbite": {
      "src": "../../../../../../node_modules/flowbite/lib/esm/index.js",
      "file": "flowbite.js",
      "fileHash": "e0b516f5",
      "needsInterop": false
    },
    "@angular/forms": {
      "src": "../../../../../../node_modules/@angular/forms/fesm2022/forms.mjs",
      "file": "@angular_forms.js",
      "fileHash": "582bee57",
      "needsInterop": false
    },
    "@angular/common/http": {
      "src": "../../../../../../node_modules/@angular/common/fesm2022/http.mjs",
      "file": "@angular_common_http.js",
      "fileHash": "889afe7e",
      "needsInterop": false
    }
  },
  "chunks": {
    "chunk-YL2K5SON": {
      "file": "chunk-YL2K5SON.js"
    },
    "chunk-XDDYIHKL": {
      "file": "chunk-XDDYIHKL.js"
    },
    "chunk-5UDK7ABK": {
      "file": "chunk-5UDK7ABK.js"
    },
    "chunk-SLFMBYBS": {
      "file": "chunk-SLFMBYBS.js"
    },
    "chunk-WDMUDEB6": {
      "file": "chunk-WDMUDEB6.js"
    }
  }
}